rank,candidate_id,generation,expression,train_score,train_ic,test_ic,test_rank_ic,turnover,test_sharpe,test_mdd,factor,val_ic,val_sharpe,val_cost_adj_return,test_cost_adj_return,weight,test_turnover,val_turnover
1,5e080391,4.0,"cs_zscore(div(sub(adx_14, sub(ocfps, turnover_rate)), winsorize(total_mv)))",0.0505445624340673,0.0191648665281679,0.0054903554335841,-0.0135616615932235,0.0010980146262603,0.9733073732808052,-0.1854802133166938,factor_20,0.0333573458314672,2.806520707099863,,,,0.0001803761095446,0.0001837028201705
2,525d7092,0.0,"cs_rank(ts_zscore(ts_argmin(log(pb), 3), 60))",0.0345351418547017,0.0055899442639762,0.0068481855241298,0.0168044125913718,0.003081816435386,0.2270474577787209,-0.1795782767325892,factor_18,0.0279585775506557,3.57546862995584,,,,0.001474886713699,0.0014946265262005
3,badd9e58,0.0,"cs_zscore(div(sub(greater(eps, neg(0.033)), sub(ocfps, turnover_rate)), winsorize(total_mv)))",0.032220178309666,0.0097416938595427,0.0045217948057485,-0.0172949575184716,0.001784059711167,1.041193748308783,-0.1350792540458173,factor_22,0.026844156025411,1.70910704285673,,,,0.0005895111651974,0.0005654797337203
4,382b1e5d,2.0,"cs_demean(ts_min_max_scale(neg(mul(sign(grossprofit_margin), 1.356)), 60))",0.0313005047248626,0.0031664394487036,0.0048713950659881,-0.0021681684816944,7.573936117579832e-05,0.0,0.0,factor_30,0.0179328743588791,0.0,,,,6.61702480276766e-05,2.768549266288299e-05
5,2d583662,0.0,"if_else(roe_dt, mul(ts_max(winsorize(eps), 3), neg(0.639)), mul(add(mul(sign(ts_mean(ts_corr(grossprofit_margin, circ_mv, 5), 10)), 0.552), net_mf_amount), 1.437))",0.0409896175091583,0.0063020664707298,-0.0012233127571954,0.0069010293835084,0.0024171718119385,0.4903829485864232,-0.1018917682158161,factor_30,0.0177204526289115,2.877571712541356,,,,0.0024946360597936,0.0013663638100751
6,82edf982,0.0,"ts_zscore(netprofit_yoy, 3)",0.0835191683436171,0.0158959815008849,0.0074410807965101,0.0082101287583504,0.0012661282054713,0.0,-0.0201801670134262,factor_15,0.0160963760127159,0.0,,,,0.0014809247833095,0.0014685546017193
7,06285845,0.0,"ts_rank(neg(ts_rank(turnover_rate, 20)), 5)",0.0218772498904151,0.005506796560107,0.0076294327637277,0.0119209381198256,0.0034751836787497,0.6644076819687516,-0.1118046145468516,factor_17,0.0112298905914288,1.0207307634438625,,,,0.0012782115759645,0.0013038491420558
8,365c94f6,0.0,winsorize(adx_14),0.0231816445693527,0.0078227749122206,0.0109133414873993,-0.0003471185322918,0.0003235715372522,1.0746118060482714,-0.1046272286094238,factor_4,0.0097769757614511,1.592557998616961,,,,9.609490947296434e-05,9.77546372043217e-05
9,5d9d1a6c,0.0,"div(less(vwap, if_positive(ts_min(winsorize(buy_sm_amount), 20), ts_autocorr(hk_vol, 5))), 0.848)",0.0216559867388147,0.0062987369639838,0.0209324677195651,0.0184661447361896,0.0012907235539854,0.0,-0.086137361824608,factor_1,0.0094938524339109,0.0,,,,0.0003582550559811,0.0013682788734097
10,f06636a4,0.0,"cs_rank(ts_zscore(high, 20))",0.0077764647346317,0.0017841793845096,0.0139797719092961,-0.0070623562190533,0.001187991957547,1.386221865877071,-0.1906255910632389,factor_3,0.0079839689880962,0.9169017636519584,,,,0.0005785273111226,0.0005741123113083
11,1eed8c56,0.0,"if_else(neg(0.272), log(volume), mul(cs_zscore(if_else(sell_md_amount, neg(0.613), macd)), ts_std(if_else(roe_dt, neg(0.714), net_elg_amount), 60)))",0.0001969905457749,-0.0012321210243065,0.0051670914502,0.0067636977523057,0.0002100020316954,0.0,-0.1717855241933629,factor_27,-0.000413732158036,0.0,,,,0.0001798199428187,0.0001911935823007
12,93fb604c,0.0,"sign(ts_shift(ts_ema(ts_pct_change(grossprofit_margin, 20), 5), 60))",0.0,-0.0010169261510969,0.0064232688617508,0.0065599530114925,0.0001387620464858,0.0,-0.0886428081282406,factor_19,-0.0019520962344006,0.0,,,,0.0001077396941137,0.0002580689492477
