factor,expression,horizon,train_ic,train_sharpe,train_cost_adj_return,val_ic,val_sharpe,val_cost_adj_return,test_ic,test_sharpe,test_cost_adj_return,test_turnover,test_max_drawdown
factor_9,"div(cs_zscore(div(rsi_14, winsorize(total_mv))), winsorize(total_mv))",5,0.01852270413552709,3.5707694364391753,1.0411352097533602,0.07474340719157366,7.727803012806543,2.305624070275041,0.020728214470939962,3.4179727544425327,1.051765424503968,0.0002188117593944804,-0.29235442744292617
factor_13,"cs_zscore(div(sub(adx_14, sub(ts_zscore(netprofit_yoy, 3), turnover_rate)), winsorize(total_mv)))",5,0.03457410256110863,4.349061746486775,2.0295767655838377,0.07290677634041784,6.207973376236815,2.1468782623811413,0.020529376401443276,2.497814839240924,1.1023228955909654,0.00017552678914458866,-0.5210017778496389
factor_17,"div(rsi_14, winsorize(total_mv))",5,0.0304386097913491,4.564163323638883,1.5782867275719628,0.07037606284883559,6.393644772221299,2.0767248109008194,0.01904199337357419,2.3463169749774933,0.9074459060766551,0.00024197421425631538,-0.518414291971896
factor_37,"div(ts_rank(netprofit_yoy, 5), winsorize(total_mv))",5,0.012891967178085044,0.0,-1.1569439472399294,0.0024326583765520585,0.0,-1.137932322183591,0.010184364563470136,0.0,-1.1500876251004362,0.0021737006436510628,0.0
factor_3,"cs_zscore(div(sub(greater(eps, neg(0.033)), sub(ocfps, turnover_rate)), winsorize(total_mv)))",5,0.016578060857391014,2.1265625992241723,0.6347070980478579,0.06038027778069157,4.096568484275871,1.5708682769802234,0.02267344353371075,3.0747265202350635,1.1556417551687146,0.0005847292788648248,-0.5159685856799237
factor_16,"cs_zscore(div(sub(greater(eps, turnover_rate), sub(ocfps, turnover_rate)), winsorize(total_mv)))",5,0.0099852185927502,1.768147326393559,0.3491255859108953,0.05531351388119968,3.379558574570064,1.1280801950252168,0.019818717720860125,3.189198254486326,1.0285829733918976,0.0007147186479822625,-0.5228674318227207
factor_6,"cs_zscore(div(sub(greater(eps, winsorize(total_mv)), sub(ocfps, turnover_rate)), winsorize(total_mv)))",5,0.009810446403541053,1.354918299086648,0.19489275262175376,0.05534321971884219,3.0668315028571924,1.047552981901396,0.021874094196916313,3.483468988347778,1.1942425408312267,0.0006695958542620815,-0.4126973716490674
factor_2,"div(ts_autocorr(winsorize(total_mv), 20), winsorize(total_mv))",5,0.036248385710020585,4.936082719877631,1.7471846093385717,0.05081212190708856,5.547678039020961,1.588904656594197,0.023661303965257834,3.007017363070602,1.1087465438515416,0.00026079434632099994,-0.5296686880555697
factor_34,"div(ts_rank(neg(ts_rank(turnover_rate, 20)), 5), winsorize(total_mv))",5,0.03099570569464648,5.18564172838564,0.847478334200513,0.04809747490105201,5.332188433068211,0.6418812165855354,0.012175725095204374,1.7313276237462862,-0.2836611518668322,0.0018984580254447672,-0.5095160437710912
factor_27,"div(ts_autocorr(buy_sm_amount, 20), winsorize(total_mv))",5,0.027035936813339847,4.3218237916421085,1.0037765033877994,0.04933033518126494,5.633914430960554,1.335936178837775,0.01588319053972664,2.06252907304445,0.4389585606013377,0.0005381854769631124,-0.49188456838536754
factor_32,"if_else(roe_dt, mul(ts_max(winsorize(eps), 3), neg(0.639)), mul(add(mul(sign(ts_mean(ts_corr(grossprofit_margin, circ_mv, 5), 10)), 0.552), net_mf_amount), 1.437))",5,0.0073343706519638455,1.5657259332905413,-1.0179703996997302,0.008668543757744228,0.9189814291926315,-1.1869831438587648,0.00326108169480839,1.7710642678767514,-0.8434404249628948,0.0025981914883418033,-0.3043663972819567
factor_7,"div(ts_rank(neg(ts_autocorr(buy_sm_amount, 20)), 5), winsorize(total_mv))",5,0.031104922005034303,5.1842566280014175,0.9520011963987607,0.029536308778545396,2.1846568411224387,-0.07400226343313052,0.020260306156525656,3.046332950894763,0.4162468636583615,0.0013404201224234765,-0.4877364103134031
factor_29,log(volume),5,0.004269726265816558,0.7053308465298888,-0.05537061756180707,0.016764168563294185,1.8447392196021757,0.16494082128376258,0.015108385847272476,0.4912569450016904,-0.21736523804212132,0.0007470717520763699,-0.6592223152770129
factor_24,adx_14,5,0.01886654361495867,2.8778872312578287,0.7157367644374713,0.016456387835185913,3.170080607624505,0.7791266792150449,0.016620990357553413,1.8668834436024604,0.47786183127029747,0.000318307873630237,-0.3892016473252843
factor_23,"ts_delta(rsi_14, 20)",5,-0.0040195626224786745,0.0,-0.07598797216935001,-0.00697057125937787,0.0,-0.12629095583395983,0.01332380323408741,0.0,-0.055064462017326975,0.00012120198340324009,0.0
factor_31,"cs_rank(ts_zscore(ts_argmin(log(pb), 3), 60))",5,0.003214356313029842,0.25328331722609737,-1.4744620097300332,0.013068577131291687,2.40313055537528,-0.8519989720878962,0.004472603157390472,0.42272861436361603,-1.4113520443432879,0.0029309444408889894,-0.36882771215370247
factor_39,"if_else(neg(0.272), log(volume), mul(cs_zscore(if_else(sell_md_amount, neg(0.613), macd)), ts_std(if_else(roe_dt, neg(0.714), net_elg_amount), 60)))",5,0.005356664457445422,1.3747601369634384,0.1847923171849446,0.007204260294269244,0.0,-0.07933241895346159,0.007147321316352589,0.0,-0.0786382040622912,0.0001486080978045854,0.0
factor_61,"if_else(ts_min(if_else(less(0.917, close), less(vwap, net_mf_amount), if_else(0.982, 0.224, hk_vol)), 3), neg(if_else(-0.618, sign(volume), low)), ts_mean(if_else(if_else(grossprofit_margin, net_elg_amount, 0.312), -0.762, ts_rank(open, 20)), 10))",5,0.007061062672549417,-0.9487576406425919,-1.2559087530577369,0.001386414026039698,0.4141613925977818,-0.8290708076800992,0.004329571473450499,1.6808498893335406,-0.47826742302267716,0.001917171408580262,-0.618349575679205
factor_36,"ts_zscore(netprofit_yoy, 3)",5,0.01582843729119122,0.0,-0.5621662282802744,0.0013003051676566404,0.0,-0.7385741107076578,0.004745887869142054,0.0,-0.7839214714840521,0.0014807635204788683,0.0
high_zscore_20,"cs_rank(ts_zscore(high, 20))",5,-0.006635635022979765,-0.4834803624246978,-0.8000675419109233,0.01977353724829192,2.8952080930511768,0.35363096684393436,0.019041576558636683,2.0527624115035996,0.23737460569660265,0.0011508688958918266,-0.5375414102881095
factor_9,"div(cs_zscore(div(rsi_14, winsorize(total_mv))), winsorize(total_mv))",10,0.025118597078428874,5.351785268983377,2.3439032400553685,0.10673472239324866,9.901806135652825,4.8084742990902,0.033147343203329876,4.560708396006622,2.184962080930862,0.00021887964738767418,-0.45942122215344505
factor_13,"cs_zscore(div(sub(adx_14, sub(ts_zscore(netprofit_yoy, 3), turnover_rate)), winsorize(total_mv)))",10,0.04091955069328103,5.310253417144799,3.701915689321723,0.0986928115920995,8.025090233680595,4.335110019521123,0.03001359051583773,3.457823080771889,2.238114562913894,0.00017528138687651388,-0.6903312196858244
factor_17,"div(rsi_14, winsorize(total_mv))",10,0.04445837582914227,5.890161523820026,3.2912847070916382,0.09962943947731061,8.432342889677757,4.433379419328415,0.030627272016486854,3.264488148730213,1.9302770031183383,0.00024199580926433304,-0.7371341813647037
factor_37,"div(ts_rank(netprofit_yoy, 5), winsorize(total_mv))",10,0.013269150658190362,0.0,-1.1598992885963084,-0.013285598922665605,0.0,-1.1418375682211597,0.0034835893763930457,0.0,-1.15166743992713,0.0021768973324170337,0.0
factor_3,"cs_zscore(div(sub(greater(eps, neg(0.033)), sub(ocfps, turnover_rate)), winsorize(total_mv)))",10,0.012588081024128839,1.791742658423556,0.9580388937672774,0.07331462337711296,5.6917181629973825,3.6674732372727723,0.03366330572652414,4.790016331649065,2.748745955621269,0.0005848224090087767,-0.6921436908251775
factor_16,"cs_zscore(div(sub(greater(eps, turnover_rate), sub(ocfps, turnover_rate)), winsorize(total_mv)))",10,0.00385575800413674,1.0645331046521562,0.31337546147659345,0.06496316088491103,4.798313503446518,2.809750188909396,0.028898152515566416,4.949394881745749,2.639927088093583,0.0007150044748780016,-0.7253997485641663
factor_6,"cs_zscore(div(sub(greater(eps, winsorize(total_mv)), sub(ocfps, turnover_rate)), winsorize(total_mv)))",10,0.002440416833119467,0.6977553844001305,0.08446922287774872,0.06526508129670622,4.203922472412125,2.531556364856477,0.031854571138077256,5.23276895171896,2.8307044641696866,0.0006698381760904887,-0.6118844318557544
factor_2,"div(ts_autocorr(winsorize(total_mv), 20), winsorize(total_mv))",10,0.04919516557998762,6.790513623381202,3.606653593382186,0.06934630575982557,7.51572323048875,3.1886205426287035,0.039935715410010876,4.424465697217184,2.511853350651993,0.00026092818594971136,-0.6569559698666714
factor_34,"div(ts_rank(neg(ts_rank(turnover_rate, 20)), 5), winsorize(total_mv))",10,0.04280461968358091,6.981160725302113,2.5578025909929716,0.07739680548961743,7.7340567414186365,2.804771784242668,0.01950001975678819,2.5524824665456203,0.46738967549253174,0.0018996788767182103,-0.6757797649117515
factor_27,"div(ts_autocorr(buy_sm_amount, 20), winsorize(total_mv))",10,0.03912270289996071,5.991992767770817,2.3238908230254225,0.06532515511798828,6.334648190538048,2.538492616826791,0.02769725146388604,3.305235384214479,1.3613031111084282,0.0005388546189581617,-0.6873454270758957
factor_32,"if_else(roe_dt, mul(ts_max(winsorize(eps), 3), neg(0.639)), mul(add(mul(sign(ts_mean(ts_corr(grossprofit_margin, circ_mv, 5), 10)), 0.552), net_mf_amount), 1.437))",10,0.010280341798732238,2.0426277076959116,-0.6404799515576104,-0.005070848017549731,-1.0020612261712365,-1.9488439355793963,0.008448755013283502,2.3623367015924126,-0.4104709180104676,0.0026018310948410827,-0.5222426156052866
factor_7,"div(ts_rank(neg(ts_autocorr(buy_sm_amount, 20)), 5), winsorize(total_mv))",10,0.04065846441564672,6.078144473360128,2.1610271976531763,0.03572955974130719,2.8958381443022607,0.38752830801927185,0.028005413568587517,3.8977156838037614,1.2717823264737018,0.001340554263814602,-0.7053086204958401
factor_29,log(volume),10,0.012692804548697706,1.1567167213181804,0.4063513200391163,0.018665166704890265,1.5401315130869915,0.3010087690671426,0.015067135051689494,0.8182001108228115,-0.009951383298452498,0.0007477927495046022,-0.8661643847590164
factor_24,adx_14,10,0.02675628638976461,4.263368010488898,1.6203611596604641,0.015330199699257509,3.0991586726305163,1.1208352354496285,0.011708977347963634,2.025811958320869,0.7553303758985578,0.0003180691471158647,-0.7269774488547283
factor_23,"ts_delta(rsi_14, 20)",10,-0.006136810135994724,0.0,-0.07742943527489404,-0.006775860025547258,0.0,-0.13044526359165587,0.017677716927448413,0.0,-0.05563985633139311,0.00012249282419956963,0.0
factor_31,"cs_rank(ts_zscore(ts_argmin(log(pb), 3), 60))",10,-0.013397653708470658,-1.4700517679955374,-2.26710755588988,0.02612897915590983,3.9494549546009345,0.11270346303228287,0.0014612355054469835,0.5264434806201054,-1.3103192738478506,0.002929397874818464,-0.44188218888931374
factor_39,"if_else(neg(0.272), log(volume), mul(cs_zscore(if_else(sell_md_amount, neg(0.613), macd)), ts_std(if_else(roe_dt, neg(0.714), net_elg_amount), 60)))",10,0.009600472513500755,1.6395778825029654,0.3574744964463576,0.007754735887221876,0.0,-0.0809126285103985,0.017508163529405155,0.0,-0.0790378193759211,0.00014937154988831194,0.0
factor_61,"if_else(ts_min(if_else(less(0.917, close), less(vwap, net_mf_amount), if_else(0.982, 0.224, hk_vol)), 3), neg(if_else(-0.618, sign(volume), low)), ts_mean(if_else(if_else(grossprofit_margin, net_elg_amount, 0.312), -0.762, ts_rank(open, 20)), 10))",10,0.009846808005228573,-2.212313334064062,-1.835723667390748,0.012343807786329148,1.8902090123889572,-0.14144963413932815,-0.00643689070381746,1.2205332027340074,-0.45760661611171016,0.0019148155673936748,-0.9033410829076778
factor_36,"ts_zscore(netprofit_yoy, 3)",10,0.009878052565223585,0.0,-0.5704577655705437,-0.0036142256660591076,0.0,-0.7545605633203775,0.006216073228300623,0.0,-0.788185677547197,0.0014888928402056743,0.0
high_zscore_20,"cs_rank(ts_zscore(high, 20))",10,0.00025990830774009317,0.252253207698928,-0.45796989834994273,0.013588066006057926,2.4334884066935265,0.652733426345154,0.020307191929348285,2.8539877027263527,1.0216523352578408,0.0011519661960117903,-0.6848545605210701
factor_9,"div(cs_zscore(div(rsi_14, winsorize(total_mv))), winsorize(total_mv))",20,0.035586854630929976,7.060007045882692,4.410849741171353,0.14724891218961886,12.95854365961794,10.378665052971344,0.04880045314988492,6.154795516581841,4.764580554333925,0.00021857651984291167,-0.7431006894546024
factor_13,"cs_zscore(div(sub(adx_14, sub(ts_zscore(netprofit_yoy, 3), turnover_rate)), winsorize(total_mv)))",20,0.05715254848002213,6.623935280590105,6.463700790384253,0.12868596350753322,9.286502664946422,8.315991655814253,0.04026477711487309,4.407233116122711,4.395046974020675,0.00017465420753976743,-0.8206926307774429
factor_17,"div(rsi_14, winsorize(total_mv))",20,0.06312624931339267,6.963225874322155,6.290916689544894,0.13947105216763714,11.141351973112085,9.388276630849695,0.043520030924045355,4.638915723520448,4.49452651696464,0.00024173279920046856,-0.8984574359315054
factor_37,"div(ts_rank(netprofit_yoy, 5), winsorize(total_mv))",20,0.00890531410843662,0.0,-1.1592467902264783,-0.011620803245393958,0.0,-1.1386555106758132,0.007333845922704372,0.0,-1.1519241904223847,0.0021778337184512986,0.0
factor_3,"cs_zscore(div(sub(greater(eps, neg(0.033)), sub(ocfps, turnover_rate)), winsorize(total_mv)))",20,0.015251334969515723,0.5143737790668019,0.24216773010188108,0.09045775867691377,7.638295777910459,7.752627216209231,0.04492258759282524,6.470321626913402,6.112865382577765,0.0005795869493281092,-0.8601330868674609
factor_16,"cs_zscore(div(sub(greater(eps, turnover_rate), sub(ocfps, turnover_rate)), winsorize(total_mv)))",20,0.0041269723718542735,-0.19158551862459736,-0.6176815400531847,0.07884652676056232,6.533977574948566,6.108070175436623,0.037170679279123486,6.619591023706824,5.805001192190556,0.0007102465912423239,-0.8889333881999251
factor_6,"cs_zscore(div(sub(greater(eps, winsorize(total_mv)), sub(ocfps, turnover_rate)), winsorize(total_mv)))",20,0.0009560408951839516,-0.6577440081015108,-1.0959495590036559,0.0794325992200798,5.853020132379636,5.6893004700160255,0.04149852975145274,6.819901735933668,6.1438020637379935,0.0006644410138020141,-0.8180448220577987
factor_2,"div(ts_autocorr(winsorize(total_mv), 20), winsorize(total_mv))",20,0.07077997241584348,8.944828384382777,7.251826265195546,0.09672835342660084,10.018644710617426,6.431031227034927,0.05162417514194078,5.75222538961894,5.138038452484536,0.00025942543560106653,-0.7906126077531066
factor_34,"div(ts_rank(neg(ts_rank(turnover_rate, 20)), 5), winsorize(total_mv))",20,0.0627505493163966,8.579023264398467,5.830007181459867,0.1056393608246641,9.736768435542261,6.580782472119426,0.028862763918504765,3.6751312675941996,2.2122105283877724,0.001898289602186298,-0.8173938691107927
factor_27,"div(ts_autocorr(buy_sm_amount, 20), winsorize(total_mv))",20,0.0555690179058656,7.29164433660191,4.500268639152654,0.07999132234213636,6.7867943859356465,4.7929707637296,0.02939805369273622,3.5834883035274347,2.53735649037789,0.0005374125403312427,-0.8380830238453122
factor_32,"if_else(roe_dt, mul(ts_max(winsorize(eps), 3), neg(0.639)), mul(add(mul(sign(ts_mean(ts_corr(grossprofit_margin, circ_mv, 5), 10)), 0.552), net_mf_amount), 1.437))",20,0.006798487505233518,0.4884624354094207,-1.1850076862120793,-0.008707308574792962,-1.3948519761263956,-2.4553157652460142,0.008659928076343248,1.9624101986868512,-0.2211339721964627,0.0026091782845591464,-0.6665791153224275
factor_7,"div(ts_rank(neg(ts_autocorr(buy_sm_amount, 20)), 5), winsorize(total_mv))",20,0.05968148065969974,8.514167794279059,5.342710183513469,0.07315537259591134,6.283340985073074,3.1131401546098787,0.03288801184815279,4.383353501040462,2.756072259393485,0.0013417503033738639,-0.7999888946429538
factor_29,log(volume),20,0.017933525832212326,1.68039189962045,1.259391898071412,0.02168575061092784,2.8910604958187656,1.2950291762993094,0.01722250914471287,0.3444072496534857,-0.16798844870554466,0.0007463962785456339,-0.9831894211491106
factor_24,adx_14,20,0.024954432959815212,3.970051767840736,2.088517096469456,0.018951583307999353,3.6608762520787934,2.5114221560708754,0.0028699404382974787,0.7052093416560623,0.2257977383127949,0.00031718597321197064,-0.9458463874576185
factor_23,"ts_delta(rsi_14, 20)",20,-0.013982734161227191,0.0,-0.08039472253212449,-0.012834737076014915,0.0,-0.13958009165937038,0.02557576531450623,0.0,-0.056770699177891286,0.00012499471701605058,0.0
factor_31,"cs_rank(ts_zscore(ts_argmin(log(pb), 3), 60))",20,-0.018941793599955535,-2.087637696501005,-3.063144005080644,0.025651995131387075,4.173684343925143,1.1016158528314723,-0.0009827423194560935,0.1526936612602928,-1.447386089774128,0.002930263718122162,-0.7536504203203647
factor_39,"if_else(neg(0.272), log(volume), mul(cs_zscore(if_else(sell_md_amount, neg(0.613), macd)), ts_std(if_else(roe_dt, neg(0.714), net_elg_amount), 60)))",20,0.014066546422034237,2.016643429136061,0.7505175131704765,0.011326848107154485,0.0,-0.08412911354179421,0.027598803406534308,0.0,-0.0798371565049087,0.00015092483035883763,0.0
factor_61,"if_else(ts_min(if_else(less(0.917, close), less(vwap, net_mf_amount), if_else(0.982, 0.224, hk_vol)), 3), neg(if_else(-0.618, sign(volume), low)), ts_mean(if_else(if_else(grossprofit_margin, net_elg_amount, 0.312), -0.762, ts_rank(open, 20)), 10))",20,0.023998797362276083,-2.8569297591897156,-2.610991299084384,0.01359991694980447,2.21400866789302,0.5194504937299149,-0.008605423220217824,1.5897154846473205,0.1533642743953548,0.0019095547745641489,-0.9855946965284044
factor_36,"ts_zscore(netprofit_yoy, 3)",20,-0.007483427346520216,0.0,-0.5877969073811985,-0.005521070390472508,0.0,-0.7887035752353264,0.00042418088118071533,0.0,-0.7692763491146697,0.0014534373800628342,0.0
high_zscore_20,"cs_rank(ts_zscore(high, 20))",20,-0.024853779432626212,-1.809969188452685,-2.0735293519818216,0.03134587825371112,3.9695052307269063,1.942588763052629,0.019779145920078366,2.9653044993666056,1.744165130647536,0.0011511798420705056,-0.9344976505578492
